insert into Major (major_id, name) values
(1, 'B.S. Computer Science'),
(2, 'B.S. Cybersecurity');

insert into Concentration (concentration_id, name, major) values
(1, 'Option 1 Software Design', 1),
(2, 'Option 2 Computer Science', 1),
(3, 'Option 3 Networking & Security', 1),
(4, 'Option 4 Game Development', 1),
(5, 'Option 5 Data Science', 1),
(6, 'Track 1 Operations', 2),
(7, 'Track 2 Secure Software Development', 2);

insert into Campus (campus_id, name) values
(1, 'Warrensburg'),
(2, 'Summit Center'),
(3, 'Online');

insert into CourseCatalog (catalog_id, catalog_year, concentration) values
(1, 2016, 1),
(2, 2016, 2),
(3, 2016, 3),
(4, 2016, 4),
(5, 2016, 5),
(6, 2016, 6),
(7, 2016, 7),
(8, 2015, 1),
(9, 2015, 2),
(10, 2015, 3),
(11, 2015, 4),
(12, 2015, 5),
(13, 2015, 6),
(14, 2015, 7),
(15, 2014, 1),
(16, 2014, 2),
(17, 2014, 3),
(18, 2014, 4),
(19, 2014, 5);

insert into CourseGroup (group_id, name, catalog_id, parent_id, minimum_hours) values
(1, 'B.S. Computer Science - Option 1', 1, null, 120),
(2, 'CS-Core', 1, 1, 39),
(3, 'CSO1 Electives', 1, 1, 27),
(4, 'CSO1 Electives Group 1', 1, 3, 9),
(5, 'CSO1 Electives Group 2', 1, 3, 9),
(6, 'General Education', 1, 1, 35),
(7, 'GenEd - Foundational', 1, 6, 11),
(8, 'GenEd - Foundational - Writing I', 1, 7, 3),
(9, 'GenEd - Foundational - Writing II', 1, 7, 3),
(10, 'GenEd - Foundational - Managing Information', 1, 7, 2),
(11, 'GenEd - Foundational - Communication', 1, 7, 3),
(12, 'GenEd - Knowledge Area I', 1, 6, 9),
(13, 'GenEd - Knowledge Area I - Literature', 1, 12, 3),
(14, 'GenEd - Knowledge Area I - Fine Arts', 1, 12, 3),
(15, 'GenEd - Knowledge Area I - Languages or Humanities', 1, 12, 0),
(16, 'GenEd - Knowledge Area II', 1, 6, 10),
(17, 'GenEd - Knowledge Area II - Science w/Laboratory', 1, 16, 4),
(18, 'GenEd - Knowledge Area II - Mathematics', 1, 16, 3),
(19, 'GenEd - Knowledge Area II - Electives', 1, 16, 3),
(20, 'GenEd - Knowledge Area III', 1, 6, 9),
(21, 'GenEd - Knowledge Area III - History', 1, 20, 3),
(22, 'GenEd - Knowledge Area III - Social/Behavioral Sciences', 1, 20, 3),
(23, 'GenEd - Engagement', 1, 6, 3),
(24, 'GenEd - Integration', 1, 6, 3),
(25, 'B.S. Computer Science - Option 2', 1, null, 120),
(26, 'CSO2 Math Core', 1, 25, 3),
(27, 'CSO2 Math Group', 1, 25, 3),
(28, 'CSO2 Biology/Earth Sci Group', 1, 25, 0),
(29, 'CSO2 Science Electives', 1, 25, 8),
(30, 'CSO2 Comp Sci Electives', 1, 25, 6),
(31, 'CS-Specific GenEd', 1, null, 0),
(32, 'CS-Specific GenEd - Communications', 1, 31, 3),
(33, 'CS-Specific GenEd - Ethics', 1, 31, 3),
(34, 'CS-Specific GenEd - Technical Writing', 1, 31, 3),
(35, 'CS-Specific GenEd - Options 1, 3, 4', 1, 31, 6),
(36, 'CS-Specific GenEd - Options 1, 3, 4 - Statistics', 1, 35, 35),
(37, 'CS-Specific GenEd - Options 1, 3, 4 - CS or Math', 1, 35, 35),
(38, 'CS-Specific GenEd - Option 2', 1, 31, 5);


insert into DegreeRequirement (catalog_id, concentration_id, 
      course_group_id) values
   # CS Option 1 requirements...
(1, 1, 1),
(1, 1, 2),
(1, 1, 3),
(1, 1, 4),
(1, 1, 5),
(1, 1, 6),
(1, 1, 7),
(1, 1, 8),
(1, 1, 9),
(1, 1, 10),
(1, 1, 11),
(1, 1, 12),
(1, 1, 13),
(1, 1, 14),
(1, 1, 15),
(1, 1, 16),
(1, 1, 17),
(1, 1, 18),
(1, 1, 19),
(1, 1, 20),
(1, 1, 21),
(1, 1, 22),
(1, 1, 23),
(1, 1, 24),
(1, 1, 31),
(1, 1, 32),
(1, 1, 33),
(1, 1, 34),
(1, 1, 35),
(1, 1, 36),
(1, 1, 37),
  # CS Option 2 requirements...
(1, 2, 25),
(1, 2, 26),
(1, 2, 27),
(1, 2, 28),
(1, 2, 29),
(1, 2, 30),
(1, 2, 2),
(1, 2, 6),
(1, 2, 7),
(1, 2, 8),
(1, 2, 9),
(1, 2, 10),
(1, 2, 11),
(1, 2, 12),
(1, 2, 13),
(1, 2, 14),
(1, 2, 15),
(1, 2, 16),
(1, 2, 17),
(1, 2, 18),
(1, 2, 19),
(1, 2, 20),
(1, 2, 21),
(1, 2, 22),
(1, 2, 23),
(1, 2, 24),
(1, 2, 31),
(1, 2, 32),
(1, 2, 33),
(1, 2, 34),
(1, 2, 38);

insert into Course (course_id, dept_prefix, course_num, course_name, 
    credit_hours) values
(1, 'CS', 1000, 'Computers and Modern Society', 3),
(2, 'CS', 1030, 'Introduction to Computer Programming', 3),
(3, 'CS', 1100, 'Computer Programming I', 3),
(4, 'CS', 1110, 'Computer Programming II', 3),
(5, 'CS', 2300, 'Data Structures', 3),
(6, 'CS', 2200, 'Introduction to Computer Organization', 3),
(7, 'CS', 2400, 'Discrete Structures', 3),
(8, 'CS', 3100, 'Programming Languages', 3),
(9, 'CS', 3110, 'Applications Programming in C# and .NET', 3),
(10, 'CS', 3120, 'Client Side Web Programming', 3),
(11, 'CS', 3130, 'Secure Programming', 3),
(12, 'CS', 3200, 'Computer Architecture', 3),
(13, 'CS', 3300, 'Introduction to Cryptography', 3),
(14, 'CS', 3500, 'C and UNIX Environment', 3),
(15, 'CS', 3800, 'Applications Development with VB.NET', 3),
(16, 'CS', 3810, 'Introduction to Game Design', 3),
(17, 'CS', 4000, 'Special Problems in Computer Science - 1 credit', 1),
(18, 'CS', 4000, 'Special Problems in Computer Science - 2 credits', 2),
(19, 'CS', 4000, 'Special Problems in Computer Science - 3 credits', 3),
(20, 'CS', 4020, 'Internship in Computer Science - 3 credits', 3),
(21, 'CS', 4020, 'Internship in Computer Science - 4 credits', 4),
(22, 'CS', 4020, 'Internship in Computer Science - 5 credits', 5),
(23, 'CS', 4020, 'Internship in Computer Science - 6 credits', 6),
(24, 'CS', 4020, 'Internship in Computer Science - 7 credits', 7),
(25, 'CS', 4020, 'Internship in Computer Science - 8 credits', 8),
(26, 'CS', 4110, 'Mobile Applications Programming with Android', 3),
(27, 'CS', 4120, 'Advanced Applications Programming in Java', 3),
(28, 'CS', 4130, 'Server Side Web Programming', 3),
(29, 'CS', 4300, 'Algorithm Design and Analysis', 3),
(30, 'CS', 4500, 'Operating Systems', 3),
(31, 'CS', 4510, 'Introduction to Distributed Systems', 3),
(32, 'CS', 4600, 'Database Theory and Applications', 3),
(33, 'CS', 4610, 'Introduction to Cloud Computing', 3),
(34, 'CS', 4620, 'Big Data Systems', 3),
(35, 'CS', 4630, 'Data Mining', 3),
(36, 'CS', 4700, 'Artificial Intelligence', 3),
(37, 'CS', 4710, 'Introduction to Machine Learning', 3),
(38, 'CS', 4800, 'Computer Networking', 3),
(39, 'CS', 4810, 'Computer Graphics', 3),
(40, 'CS', 4820, 'Introduction to Information Assurance', 3),
(41, 'CS', 4830, 'Game Development', 3),
(42, 'CS', 4910, 'Software Engineering', 3),
(43, 'CS', 4920, 'Senior Project', 3),
(44, 'CS', 4930, 'Software Testing', 3),
(45, 'ACST', 3311, 'Introduction to Mathematical Statistics', 3),
(46, 'MATH', 2153, 'Calculus & Analytic Geometry III', 3),
(47, 'MATH', 2221, 'Foundations of Geometry', 3),
(48, 'MATH', 3151, 'Differential Equations', 3),
(49, 'MATH', 3710, 'Linear Algebra', 3),
(50, 'MATH', 4450, 'Introduction to Graph Theory', 3),
(51, 'BIOL', 1110, 'Principles of Biology', 3),
(52, 'BIOL', 2010, 'Human Biology', 3),
(53, 'BIOL', 2510, 'Basic Genetics', 3),
(54, 'BIOL', 4102, 'Evolution', 3),
(55, 'BIOL', 1111, 'Plant Biology', 3),
(56, 'BIOL', 1112, 'Animal Biology', 3),
(57, 'CHEM', 1131, 'General Chemistry I', 3),
(58, 'CHEM', 1132, 'General Chemistry II', 3),
(59, 'EASC', 3010, 'Environmental Geology', 3),
(60, 'EASC', 3112, 'Astronomy', 3),
(61, 'EASC', 3114, 'Meteorology', 3),
(62, 'EASC', 1004, 'Introduction to Geology', 3),
(63, 'EASC', 1114, 'Weather & Climate', 3),
(64, 'EASC', 2100, 'Engineering Geology', 3),
(65, 'EASC', 2200, 'Historical Geology', 3),
(66, 'PHYS', 1101, 'College Physics I', 4),
(67, 'PHYS', 2121, 'University Physics I', 5),
(68, 'PHYS', 1102, 'College Physics II', 4),
(69, 'PHYS', 2122, 'University Physics II', 5),
(70, 'COMM', 1000, 'Public Speaking', 3),
(71, 'COMM', 1050, 'Fundamentals of Oral Communications', 3),
(72, 'CTE', 3060, 'Technical Writing', 3),
(73, 'ACST', 1300, 'Basic Statistics', 3),
(74, 'MATH', 1131, 'Applied Calculus', 3),
(75, 'MATH', 1151, 'Calculus & Analytic Geometry I', 5),
(76, 'FREE', 0000, 'Free Elective - 1 credit', 1),
(77, 'FREE', 0000, 'Free Elective - 2 credits', 2),
(78, 'FREE', 0000, 'Free Elective - 3 credits', 3),
(79, 'FREE', 0000, 'Free Elective - 4 credits', 4),
(80, 'FREE', 0000, 'Free Elective - 5 credits', 5),
(81, 'MATH', 1152, 'Calculus & Analytic Geometry II', 5);

insert into CourseMapCourseGroup (course_id, course_group_id) values
(1, 33),
(2, 37),
(3, 2),
(4, 2),
(5, 2),
(6, 2),
(7, 2),
(8, 2),
(9, 4),
(9, 30),
(10, 5),
(10, 30),
(11, 4),
(11, 30),
(12, 2),
(13, 5),
(13, 30),
(14, 2),
(15, 4),
(15, 30),
(16, 5),
(16, 30),
(17, 5),
(18, 5),
(19, 5),
(20, 5),
(21, 5),
(22, 5),
(23, 5),
(24, 5),
(25, 5),
(26, 4),
(26, 30),
(27, 4),
(27, 30),
(28, 5),
(28, 30),
(29, 2),
(30, 2),
(31, 5),
(31, 30),
(32, 2),
(33, 5),
(33, 30),
(34, 5),
(34, 30),
(35, 5),
(35, 30),
(36, 5),
(36, 30),
(37, 30),
(38, 5),
(38, 30),
(39, 5),
(39, 30),
(40, 5),
(40, 30),
(41, 5),
(41, 30),
(42, 2),
(43, 2),
(44, 4),
(45, 27),
(46, 27),
(47, 27),
(48, 27),
(49, 27),
(50, 27),
(51, 28),
(52, 28),
(53, 28),
(54, 28),
(55, 29),
(56, 29),
(57, 29),
(58, 29),
(59, 28),
(60, 28),
(61, 28),
(62, 29),
(63, 29),
(64, 29),
(65, 29),
(66, 29),
(67, 29),
(68, 29),
(69, 29),
(70, 32),
(71, 32),
(72, 34),
(73, 36),
(74, 37),
(75, 37),
(75, 38),
(76, 1),
(76, 25),
(77, 1),
(77, 25),
(78, 1),
(78, 25),
(79, 1),
(79, 25),
(80, 1),
(80, 25),
(81, 26);

insert into Semester (academic_year, semester_code) values
(2014, 1),
(2014, 2),
(2014, 3),
(2015, 1),
(2015, 2),
(2015, 3),
(2016, 1),
(2016, 2),
(2016, 3),
(2017, 1),
(2017, 2),
(2017, 3),
(2018, 1),
(2018, 2),
(2018, 3),
(2019, 1),
(2019, 2),
(2019, 3),
(2020, 1),
(2020, 2),
(2020, 3),
(2021, 1),
(2021, 2),
(2021, 3);

